,x,y
0,50,102
1,3,43
2,59,19
3,14,94
4,43,9
5,47,13
6,73,43
7,61,97
8,3,117
9,45,115
10,42,28
11,52,42
12,65,83
13,37,19
14,6,64
15,2,118
16,35,79
17,4,108
18,65,91
19,1,23
20,67,59
21,14,118
22,8,110
23,66,70
24,23,113
25,45,67
26,45,19
27,71,105
28,0,92
29,10,48
30,29,15
31,62,54
32,55,55
33,24,62
34,24,26
35,10,106
36,0,112
37,51,27
38,10,52
39,37,15
40,44,94
41,42,96
42,14,88
43,31,115
44,47,69
45,36,106
46,53,79
47,0,122
48,65,87
49,44,56
50,53,101
51,76,60
52,21,111
53,16,24
54,13,69
55,49,17
56,33,51
57,26,0
58,2,54
59,34,58
60,32,4
61,14,86
62,26,94
63,35,115
64,55,31
65,5,19
66,15,119
67,6,90
68,47,33
69,28,42
70,61,37
71,29,25
72,51,93
73,9,65
74,45,21
75,6,34
76,59,31
77,15,67
78,29,31
79,49,113
80,75,83
81,27,99
82,17,113
83,64,52
84,36,24
85,6,92
86,14,30
87,15,39
88,56,14
89,67,43
90,57,113
91,5,125
92,75,59
93,40,96
94,8,70
95,24,70
96,46,92
97,12,64
98,0,80
99,62,82
100,36,118
101,54,68
102,16,92
103,71,119
104,53,73
105,15,53
106,24,76
107,20,104
108,8,22
109,67,53
110,23,65
111,54,94
112,50,92
113,47,39
114,48,42
115,1,41
116,24,40
117,77,57
118,73,109
119,9,83
120,36,74
121,22,10
122,47,113
123,4,48
124,55,61
125,38,44
126,60,92
127,12,92
128,11,27
129,35,93
130,53,41
131,9,111
132,16,66
133,20,66
134,3,89
135,7,49
136,18,18
137,29,27
138,14,20
139,31,7
140,5,49
141,22,124
142,20,126
143,13,25
144,68,114
145,60,54
146,5,27
147,1,95
148,36,68
149,27,27
150,35,77
151,39,29
152,36,80
153,59,109
154,59,39
155,26,90
156,59,73
157,53,69
158,49,107
159,65,23
160,19,125
161,67,73
162,12,126
163,9,97
164,57,35
165,50,68
166,35,73
167,57,81
168,3,57
169,28,48
170,39,109
171,27,87
172,42,118
173,24,38
174,30,46
175,63,21
176,26,92
177,60,26
178,25,81
179,44,92
180,0,40
181,19,47
182,33,31
183,45,101
184,21,125
185,39,3
186,41,25
187,62,48
188,28,10
189,44,104
190,49,27
191,69,37
192,52,80
193,57,85
194,18,104
195,46,34
196,66,106
197,5,61
198,68,70
199,36,30
200,52,38
201,5,71
202,23,19
203,67,37
204,74,100
205,52,46
206,48,86
207,7,111
208,19,111
209,57,57
210,25,7
211,8,42
212,46,2
213,49,109
214,27,101
215,36,22
216,5,23
217,69,33
218,54,98
219,13,47
220,8,26
221,76,56
222,76,80
223,39,79
224,42,114
225,8,60
226,71,109
227,67,83
228,52,16
229,26,110
230,38,10
231,51,15
232,4,94
233,48,30
234,44,78
235,23,47
236,15,21
237,23,93
238,25,101
239,25,59
240,19,97
241,3,123
242,30,16
243,19,35
244,55,27
245,66,32
246,75,81
247,68,108
248,40,50
249,58,66
250,51,63
251,75,89
252,23,91
253,66,58
254,66,76
255,49,63
256,45,83
257,64,102
258,65,119
259,13,91
260,11,67
261,0,78
262,46,4
263,63,97
264,50,82
265,44,84
266,7,103
267,32,72
268,22,30
269,30,26
270,37,1
271,49,75
272,29,37
273,61,87
274,4,106
275,44,76
276,42,20
277,36,32
278,2,62
279,57,31
280,8,112
281,51,97
282,31,9
283,28,82
284,24,56
285,14,124
286,44,90
287,14,64
288,73,67
289,31,117
290,24,50
291,19,39
292,0,126
293,15,5
294,25,43
295,41,111
296,31,71
297,7,71
298,27,71
299,58,110
300,17,17
301,52,48
302,59,115
303,52,24
304,7,57
305,10,58
306,59,99
307,10,80
308,69,95
309,53,87
310,51,39
311,38,0
312,46,14
313,19,119
314,0,116
315,21,63
316,76,96
317,32,12
318,55,57
319,42,102
320,42,62
321,41,37
322,45,81
323,9,75
324,4,74
325,40,104
326,8,14
327,51,61
328,73,99
329,17,115
330,3,67
331,20,110
332,65,97
333,53,49
334,17,49
335,70,106
336,56,78
337,7,81
338,30,54
339,75,79
340,41,107
341,23,121
342,48,76
343,38,4
344,4,72
345,3,55
346,9,103
347,48,94
348,38,56
349,44,12
350,42,42
351,13,5
352,30,86
353,25,25
354,37,37
355,60,100
356,61,29
357,69,35
358,57,65
359,38,100
360,42,48
361,68,118
362,58,54
363,12,20
364,56,40
365,69,99
366,48,84
367,21,115
368,13,65
369,16,126
370,6,80
371,9,53
372,61,67
373,28,66
374,71,79
375,60,118
376,54,120
377,36,92
378,51,79
379,44,106
380,46,98
381,4,100
382,61,39
383,5,65
384,50,30
385,32,30
386,41,113
387,68,58
388,77,99
389,55,107
390,34,112
391,46,18
392,0,66
393,32,24
394,71,93
395,64,34
396,8,34
397,9,81
398,50,18
399,57,13
400,28,104
401,22,80
402,33,1
403,25,63
404,36,102
405,37,43
406,10,70
407,63,47
408,25,109
409,5,111
410,56,102
411,33,61
412,75,71
413,17,73
414,72,102
415,3,71
416,43,71
417,49,59
418,41,31
419,34,62
420,29,5
421,0,124
422,28,100
423,39,13
424,3,81
425,73,101
426,15,27
427,61,75
428,18,108
429,57,79
430,52,60
431,53,55
432,49,77
433,5,31
434,47,25
435,24,118
436,15,9
437,71,97
438,10,66
439,70,32
440,33,67
441,70,72
442,41,97
443,0,62
444,44,6
445,17,63
446,2,78
447,41,69
448,39,39
449,19,13
450,74,38
451,8,54
452,33,113
453,60,44
454,65,95
455,14,68
456,11,127
457,8,98
458,71,49
459,25,41
460,60,56
461,50,104
462,13,105
463,38,108
464,53,113
465,64,22
466,14,74
467,59,41
468,7,33
469,60,86
470,25,69
471,9,43
472,63,29
473,47,17
474,32,104
475,21,123
476,57,69
477,48,70
478,70,90
479,18,10
480,67,111
481,49,23
482,36,78
483,27,1
484,42,78
485,8,84
486,69,97
487,36,70
488,57,93
489,47,83
490,4,80
491,68,30
492,16,70
493,37,119
494,53,9
495,10,126
496,73,53
497,30,78
498,27,39
499,10,36
500,33,55
501,30,64
502,13,31
503,3,59
504,11,95
505,58,78
506,14,32
507,36,90
508,0,32
509,38,52
510,46,90
511,51,81
512,61,85
513,0,120
514,27,75
515,42,72
516,4,56
517,29,49
518,77,75
519,44,10
520,52,108
521,75,57
522,32,106
523,28,62
524,39,11
525,53,115
526,27,73
527,74,96
529,52,14
530,42,44
531,64,78
532,48,28
533,37,11
534,75,99
535,12,108
536,32,98
537,17,23
538,22,12
539,7,47
540,51,9
541,22,28
542,49,65
543,26,56
544,51,111
545,41,17
546,49,97
547,53,33
548,1,79
549,8,102
550,28,46
551,63,45
552,68,34
553,26,88
554,58,34
555,40,18
556,29,19
557,58,112
558,19,127
559,16,64
560,24,28
561,10,16
562,51,101
563,7,119
564,3,51
565,48,106
566,1,125
567,6,98
568,11,125
569,32,44
570,64,110
571,16,118
572,40,38
573,15,35
574,46,82
575,64,72
576,21,97
577,29,75
578,21,55
579,14,98
580,34,106
581,58,24
582,48,6
583,36,54
584,3,111
585,53,13
586,60,72
587,41,93
588,56,20
589,27,65
590,34,20
591,53,81
592,31,35
593,64,68
594,56,58
595,74,84
596,51,95
597,53,19
598,22,52
599,67,105
600,64,58
601,63,89
602,23,81
603,71,65
604,42,26
605,68,54
606,73,111
607,64,26
608,61,49
609,15,65
610,67,29
611,41,121
612,17,103
613,57,117
614,37,3
615,50,22
616,50,14
617,21,15
618,51,37
619,17,59
620,25,55
621,64,108
622,57,55
623,24,92
624,40,122
625,8,96
626,62,62
627,50,12
628,13,37
629,66,66
630,0,90
631,18,116
632,8,24
633,3,25
634,6,36
635,45,71
636,2,92
637,61,33
638,64,86
639,21,99
640,16,74
641,57,109
642,52,86
643,16,124
644,38,76
645,18,88
646,39,107
647,41,45
648,20,84
649,1,107
650,1,113
651,54,28
652,5,47
653,0,76
654,68,100
655,41,23
656,64,120
657,61,65
658,43,85
659,16,38
660,43,45
661,18,98
662,13,3
663,24,122
664,52,98
665,53,65
666,46,96
667,71,95
668,48,16
669,30,120
670,1,39
671,57,115
672,26,86
673,59,49
674,49,99
675,28,38
676,9,15
677,15,55
678,45,25
679,72,52
680,62,88
681,59,17
682,16,112
683,26,30
684,77,69
685,50,42
686,24,18
687,13,89
688,4,46
689,36,110
690,55,53
691,29,113
692,8,74
693,44,20
694,17,45
695,35,65
696,68,40
697,15,113
698,37,97
699,69,119
700,65,33
701,34,92
702,29,11
703,3,121
704,69,45
705,30,88
706,33,63
707,13,41
708,12,76
709,63,35
710,35,31
711,35,109
712,46,20
713,3,27
714,26,104
715,70,104
716,64,56
717,37,17
718,43,115
719,22,74
720,41,67
721,5,91
722,71,107
723,77,105
724,74,88
725,16,60
726,71,77
727,29,109
728,10,108
729,35,11
730,25,79
731,6,88
732,56,88
733,70,62
734,2,72
735,4,102
736,16,98
737,13,51
738,25,33
739,64,48
740,4,24
741,58,26
742,58,52
743,67,35
744,41,47
745,48,90
746,55,99
747,6,30
748,16,28
749,4,20
750,42,100
751,17,93
752,24,124
753,38,90
754,25,39
755,47,23
756,40,112
757,65,81
758,57,91
759,51,29
760,29,111
761,54,30
762,18,20
763,24,66
764,67,77
765,44,102
766,21,121
767,44,52
768,66,28
769,35,87
770,29,103
771,8,88
772,67,109
773,59,89
774,45,49
775,33,87
776,52,96
777,46,42
778,61,91
779,41,89
780,73,95
781,24,94
782,62,86
783,40,12
784,47,9
785,35,7
786,17,95
787,14,10
788,21,23
789,40,44
790,16,80
791,51,25
792,24,8
793,26,14
794,15,89
795,2,74
796,20,8
797,30,50
798,43,65
799,13,19
800,10,26
801,65,63
802,16,18
803,68,106
804,25,121
805,12,62
806,58,74
807,48,102
808,47,31
809,3,45
810,47,61
811,57,107
812,34,50
813,5,85
814,38,28
815,35,81
816,25,75
817,10,114
818,9,125
819,50,72
820,9,113
821,27,103
822,36,108
823,46,52
824,16,16
825,47,63
826,18,30
827,61,77
828,64,64
829,56,72
830,35,29
831,4,60
832,9,55
833,1,55
834,15,115
835,58,64
836,37,123
837,1,119
838,75,49
839,1,31
840,40,78
841,56,22
842,22,82
843,33,11
844,55,77
845,47,93
846,63,63
847,59,105
848,21,61
849,9,25
850,58,84
851,30,10
852,28,92
853,33,45
854,26,48
855,27,93
856,1,67
857,62,98
858,72,114
859,18,14
860,16,10
861,5,103
862,43,33
863,25,97
864,21,71
865,28,64
866,7,67
867,41,57
868,38,102
869,58,68
870,54,74
871,66,94
872,62,108
873,37,105
874,38,110
875,3,79
876,58,92
877,19,87
878,35,61
879,71,55
880,74,68
881,35,97
882,9,119
883,44,40
884,51,77
885,11,59
886,18,32
887,31,55
888,47,107
889,49,33
890,76,62
891,72,58
892,33,65
893,61,19
894,20,82
895,46,36
896,21,67
897,44,42
898,57,87
899,49,15
900,8,94
901,23,87
902,74,44
903,62,106
904,39,59
905,2,84
906,25,37
907,43,27
908,36,6
909,62,72
910,5,83
911,7,115
912,50,52
913,40,46
914,71,57
915,44,48
916,38,26
917,45,47
918,6,44
919,43,63
920,23,61
921,7,17
922,25,57
923,45,105
924,23,111
925,52,76
926,20,96
927,34,8
928,29,3
929,9,13
930,63,23
931,58,98
932,10,94
933,55,67
934,70,88
935,67,65
936,0,104
937,60,108
938,16,72
939,48,116
940,63,41
941,16,12
942,29,101
943,67,57
944,61,69
945,26,76
946,15,57
947,64,104
948,26,44
949,30,108
950,26,120
951,22,46
952,30,4
953,16,58
954,52,30
955,63,43
956,48,88
957,25,35
958,42,120
959,16,54
960,44,50
961,20,6
962,27,45
963,25,65
964,4,52
965,15,105
966,43,91
967,31,75
968,19,83
969,13,109
970,35,71
971,48,104
972,21,29
973,60,76
974,56,112
975,2,114
976,38,120
977,75,39
978,36,66
979,19,79
980,27,61
981,33,9
982,9,93
983,4,88
984,61,31
985,45,91
986,64,24
987,73,61
988,45,85
989,1,57
990,6,116
991,32,112
992,64,112
993,66,64
994,68,72
995,77,63
996,18,4
997,74,34
998,46,22
999,23,57
1000,47,71
1001,5,59
1002,15,29
1003,16,8
1004,34,14
1005,68,92
1006,65,47
1007,2,104
1008,43,59
1009,19,1
1010,22,66
1011,23,79
1012,14,66
1013,11,87
1014,50,108
1015,48,118
1016,19,121
1017,40,30
1018,18,44
1019,22,100
1020,25,105
1021,19,49
1022,37,71
1023,18,78
1024,33,115
1025,69,57
1026,7,61
1027,21,53
1028,4,122
1029,59,37
1030,67,97
1031,58,100
1032,56,68
1033,1,111
1034,20,98
1035,1,87
1036,27,25
1037,46,60
1038,61,89
1039,26,24
1040,15,107
1041,23,39
1042,10,24
1043,36,26
1044,14,126
1045,65,107
1046,42,110
1047,77,97
1048,11,51
1049,6,86
1050,9,87
1051,31,49
1052,20,114
1053,8,72
1054,12,22
1055,33,99
1056,64,84
1057,51,99
1058,35,43
1059,54,102
1060,12,52
1061,8,114
1062,25,3
1063,72,106
1064,35,103
1065,15,85
1066,71,53
1067,11,109
1068,14,52
1069,30,38
1070,31,111
1071,75,75
1072,14,78
1073,55,35
1074,1,61
1075,53,31
1076,40,84
1077,19,71
1078,36,0
1079,77,89
1080,70,70
1081,47,47
1082,30,40
1083,4,78
1084,12,84
1085,11,75
1086,45,111
1087,56,30
1088,5,115
1089,9,11
1090,44,24
1091,0,58
1092,45,53
1093,22,116
1094,13,67
1095,32,120
1096,1,93
1097,0,70
1098,61,115
1099,61,103
1100,25,123
1101,20,50
1102,74,36
1103,18,38
1104,55,113
1105,15,79
1106,4,86
1107,13,119
1108,18,46
1109,10,120
1110,59,55
1111,9,41
1112,7,121
1113,46,74
1114,45,89
1115,32,38
1116,18,66
1117,54,72
1118,40,68
1119,66,100
1120,34,110
1121,69,53
1122,6,54
1123,40,94
1124,26,74
1125,40,10
1126,5,105
1127,54,40
1128,8,18
1129,0,100
1130,12,88
1131,14,24
1132,73,57
1133,29,119
1134,54,82
1135,9,91
1136,28,86
1137,6,56
1138,37,115
1139,29,65
1140,37,63
1141,7,13
1142,71,115
1143,14,112
1144,42,50
1145,55,103
1146,47,115
1147,25,27
1148,33,89
1149,5,89
1150,10,116
1151,31,59
1152,20,60
1153,57,97
1154,62,60
1155,60,112
1156,54,114
1157,1,29
1158,47,73
1159,60,38
1160,57,75
1161,38,64
1162,10,18
1163,18,90
1164,44,108
1165,40,8
1166,60,22
1167,11,61
1168,12,114
1169,35,105
1170,17,43
1171,20,86
1172,73,117
1173,53,39
1174,56,80
1175,50,16
1176,8,40
1177,10,84
1178,71,117
1179,27,59
1180,9,67
1181,16,104
1182,7,93
1183,72,94
1184,52,104
1185,53,37
1186,47,29
1187,17,25
1188,20,72
1189,18,70
1190,0,118
1191,24,84
1192,43,103
1193,33,29
1194,1,99
1195,6,106
1196,3,49
1197,0,50
1198,24,72
1199,31,43
1200,42,98
1201,23,123
1202,15,103
1203,31,11
1204,62,116
1205,49,37
1206,15,1
1207,7,95
1208,37,81
1209,55,91
1210,35,51
1211,59,107
1212,5,75
1213,39,57
1214,11,71
1215,56,36
1216,15,87
1217,48,74
1218,35,13
1219,69,47
1220,59,101
1221,65,51
1222,19,43
1223,34,48
1224,21,31
1225,14,14
1226,53,85
1227,55,111
1228,53,51
1229,31,99
1230,50,50
1231,51,57
1232,26,70
1233,54,48
1234,9,69
1235,66,102
1236,26,46
1237,22,108
1238,55,17
1239,28,78
1240,50,100
1241,62,74
1242,3,63
1243,11,85
1244,23,77
1245,15,95
1246,53,43
1247,37,5
1248,33,59
1249,28,90
1250,14,42
1251,73,35
1252,48,22
1253,32,28
1254,13,85
1255,44,60
1256,1,49
1257,65,85
1258,39,43
1259,56,28
1260,49,73
1261,13,125
1262,19,101
1263,21,25
1264,20,102
1265,48,18
1266,17,1
1267,25,91
1268,4,30
1269,8,120
1270,25,99
1271,45,3
1272,6,28
1273,42,66
1274,25,83
1275,16,22
1276,15,37
1277,52,92
1278,29,51
1279,26,26
1280,69,49
1281,36,94
1282,58,72
1283,42,14
1284,6,46
1285,13,35
1286,61,55
1287,37,31
1288,65,31
1289,39,63
1290,5,17
1291,36,48
1292,37,113
1293,68,52
1294,69,87
1295,26,22
1296,54,42
1297,15,77
1298,19,45
1299,65,93
1300,18,102
1301,43,55
1302,48,24
1303,9,79
1304,15,117
1305,15,7
1306,11,69
1307,52,94
1308,69,115
1309,15,15
1310,54,92
1311,3,19
1312,14,44
1313,42,58
1314,23,11
1315,6,112
1316,45,121
1317,18,100
1318,28,8
1319,37,99
1320,11,43
1321,5,69
1322,40,106
1323,59,79
1324,76,76
1325,66,116
1326,21,69
1327,45,103
1328,3,91
1329,6,70
1330,43,21
1331,26,98
1332,15,63
1333,72,46
1334,12,60
1335,6,104
1336,55,101
1337,17,57
1338,23,1
1339,56,82
1340,21,85
1341,45,73
1342,26,66
1343,69,103
1344,54,90
1345,15,111
1346,49,85
1347,76,90
1348,27,117
1349,71,101
1350,19,65
1351,1,65
1352,67,31
1353,26,52
1354,5,67
1355,5,21
1356,32,118
1357,12,18
1358,23,119
1359,1,83
1360,36,12
1361,25,115
1362,13,15
1363,25,85
1364,5,77
1365,16,26
1366,50,48
1367,22,48
1368,10,10
1369,3,37
1370,51,113
1371,67,41
1372,31,37
1373,10,100
1374,52,52
1375,20,62
1376,33,71
1377,0,18
1378,14,48
1379,69,109
1380,14,8
1381,28,0
1382,34,42
1383,14,84
1384,37,49
1385,19,93
1386,20,46
1387,29,85
1388,39,49
1389,8,28
1390,48,92
1391,52,118
1392,52,40
1393,37,75
1394,41,109
1395,17,75
1396,47,27
1397,71,31
1398,35,107
1399,4,18
1400,30,116
1401,72,80
1402,39,21
1403,58,106
1404,69,117
1405,52,36
1406,23,21
1407,28,84
1408,19,123
1409,37,65
1410,9,35
1411,63,65
1412,37,21
1413,29,17
1414,27,53
1415,27,91
1416,42,8
1417,10,22
1418,24,86
1419,59,59
1420,73,89
1421,14,76
1422,30,102
1423,32,0
1424,18,62
1425,15,17
1426,53,103
1427,11,11
1428,1,109
1429,14,38
1430,50,62
1431,38,98
1432,7,41
1433,56,98
1434,35,53
1435,21,43
1436,74,40
1437,32,22
1438,68,28
1439,32,42
1440,33,39
1441,55,71
1442,34,88
1443,43,35
1444,8,66
1445,2,88
1446,4,50
1447,68,96
1448,60,40
1449,39,33
1450,21,105
1451,74,66
1452,53,111
1453,52,12
1454,42,82
1455,65,117
1456,45,11
1457,20,74
1458,48,108
1459,77,55
1460,49,67
1461,11,79
1462,19,41
1463,19,23
1464,0,82
1465,2,40
1466,76,104
1467,65,57
1468,25,21
1469,53,17
1470,40,28
1471,57,39
1472,23,51
1473,77,91
1474,44,4
1475,52,106
1476,74,90
1477,70,86
1478,47,3
1479,10,20
1480,60,24
1481,20,4
1482,16,44
1483,50,106
1484,69,29
1485,2,58
1486,31,39
1487,38,12
1488,14,16
1489,41,19
1490,34,24
1491,47,5
1492,76,72
1493,6,72
1494,12,10
1495,2,36
1496,63,109
1497,50,56
1498,17,27
1499,44,18
1500,49,71
1501,22,22
1502,16,14
1503,33,21
1504,57,111
1505,54,26
1506,13,97
1507,4,76
1508,46,112
1509,18,112
1510,6,62
1511,37,101
1512,10,122
1513,38,20
1514,2,98
1515,36,76
1516,28,26
1517,69,107
1518,56,66
1519,4,66
1520,54,12
1521,13,55
1522,45,119
1523,15,97
1524,43,7
1525,39,9
1526,51,45
1527,32,26
1528,30,22
1529,45,63
1530,71,69
1531,63,99
1532,6,74
1533,47,35
1534,2,38
1535,27,113
1536,75,105
1537,24,32
1538,58,56
1539,18,118
1540,35,111
1541,14,56
1542,47,11
1543,16,52
1544,32,76
1545,36,86
1546,38,32
1547,38,114
1548,77,85
1549,56,42
1550,33,77
1551,12,34
1552,60,96
1553,60,104
1554,53,27
1555,17,111
1556,36,120
1557,12,48
1558,24,106
1559,48,36
1560,20,88
1561,40,22
1562,0,56
1563,14,82
1564,42,68
1565,52,114
1566,49,89
1567,21,93
1568,2,22
1569,9,105
1570,77,83
1571,51,33
1572,3,93
1573,16,32
1574,63,119
1575,22,126
1576,27,49
1577,36,88
1578,51,11
1579,12,72
1580,55,81
1581,55,45
1582,62,52
1583,19,77
1584,37,111
1585,62,24
1586,29,69
1587,68,68
1588,62,92
1589,17,35
1590,28,102
1591,27,97
1592,10,30
1593,9,63
1594,33,33
1595,38,8
1596,62,96
1597,15,71
1598,3,73
1599,18,74
1600,21,95
1601,57,59
1602,41,85
1603,32,10
1604,70,38
1605,5,109
1606,23,73
1607,67,27
1608,52,26
1609,34,36
1610,15,75
1611,53,61
1612,37,85
1613,23,71
1614,19,3
1615,45,61
1616,3,87
1617,71,33
1618,75,93
1619,35,9
1620,8,20
1621,32,14
1622,77,107
1623,26,50
1624,39,113
1625,29,43
1626,59,69
1627,37,41
1628,40,24
1629,29,67
1630,36,114
1631,36,62
1632,34,2
1633,4,16
1634,3,99
1635,71,51
1636,58,94
1637,75,97
1638,61,47
1639,69,61
1640,43,15
1641,19,73
1642,55,109
1643,72,48
1644,58,50
1645,25,95
1646,11,77
1647,41,33
1648,50,96
1649,9,115
1650,49,49
1651,14,70
1652,47,15
1653,33,3
1654,0,48
1655,74,70
1656,19,105
1657,33,35
1658,62,22
1659,62,20
1660,63,57
1661,2,94
1662,43,95
1663,10,118
1664,46,94
1665,7,127
1666,36,42
1667,8,64
1668,48,12
1669,50,10
1670,23,89
1671,11,123
1672,33,109
1673,43,61
1674,72,98
1675,29,73
1676,45,7
1677,64,88
1678,56,104
1679,2,32
1680,42,116
1681,23,25
1682,11,3
1683,12,46
1684,17,67
1685,23,117
1686,28,118
1687,14,22
1688,29,71
1689,38,78
1690,64,60
1691,45,35
1692,55,29
1693,10,38
1694,27,85
1695,37,93
1696,6,124
1697,43,117
1698,40,48
1699,66,88
1700,7,35
1701,12,122
1702,72,54
1703,38,50
1704,66,40
1705,74,64
1706,46,24
1707,22,96
1708,56,62
1709,57,73
1710,27,37
1711,24,0
1712,23,33
1713,28,44
1714,26,28
1715,39,87
1716,68,32
1717,39,99
1718,8,58
1719,25,113
1720,52,102
1721,9,85
1722,28,116
1723,67,89
1724,40,66
1725,27,57
1726,39,17
1727,49,9
1728,6,18
1729,24,80
1730,59,51
1731,65,89
1732,18,80
1733,0,98
1734,24,20
1735,35,5
1736,39,83
1737,73,45
1738,9,127
1739,38,122
1740,58,104
1741,43,73
1742,41,27
1743,45,117
1744,64,96
1745,24,12
1746,59,81
1747,16,108
1748,52,20
1749,56,24
1750,5,29
1751,50,54
1752,21,75
1753,12,16
1754,43,97
1755,28,80
1756,72,84
1757,30,118
1758,62,118
1759,18,106
1760,6,120
1761,2,64
1762,1,27
1763,27,51
1764,2,42
1765,38,48
1766,39,101
1767,14,36
1768,4,126
1769,19,31
1770,38,60
1771,21,45
1772,33,37
1773,4,40
1774,48,98
1775,25,47
1776,59,43
1777,66,52
1778,42,30
1779,18,42
1780,66,104
1781,63,117
1782,14,50
1783,73,77
1784,31,85
1785,58,48
1786,18,6
1787,4,82
1788,47,45
1789,76,52
1790,71,71
1791,42,6
1792,54,60
1793,39,67
1794,10,86
1795,0,102
1796,30,34
1797,19,17
1798,60,80
1799,52,66
1800,54,108
1801,11,89
1802,12,28
1803,32,94
1804,35,59
1805,67,49
1806,28,112
1807,43,105
1808,59,93
1809,46,110
1810,8,86
1811,1,117
1812,4,68
1813,8,56
1814,47,105
1815,45,65
1816,49,91
1817,19,15
1818,23,59
1819,32,56
1820,14,18
1821,41,55
1822,69,75
1823,5,121
1824,32,86
1825,7,107
1826,3,21
1827,56,114
1828,43,83
1829,22,92
1830,11,99
1831,75,77
1832,26,80
1833,20,118
1834,63,51
1835,18,82
1836,35,23
1837,42,36
1838,49,39
1839,15,99
1840,17,31
1841,30,98
1842,24,98
1843,9,29
1844,39,25
1845,66,30
1846,73,75
1847,8,100
1848,10,104
1849,11,23
1850,75,55
1851,1,121
1852,68,50
1853,14,6
1854,10,12
1855,22,68
1856,67,87
1857,13,71
1858,7,53
1859,32,54
1860,23,125
1861,20,124
1862,30,14
1863,11,9
1864,47,51
1865,17,11
1866,11,49
1867,2,60
1868,20,20
1869,71,111
1870,65,77
1871,12,14
1872,63,25
1873,34,96
1874,54,22
1875,56,76
1876,5,127
1877,16,62
1878,40,56
1879,15,83
1880,63,55
1881,72,90
1882,40,74
1883,39,31
1884,1,59
1885,43,77
1886,9,19
1887,62,28
1888,48,120
1889,47,101
1890,66,42
1891,65,111
1892,28,40
1893,60,34
1894,32,116
1895,49,111
1896,59,87
1897,14,90
1898,70,46
1899,65,61
1900,48,20
1901,19,109
1902,57,77
1903,44,74
1904,11,101
1905,65,45
1906,21,13
1907,26,108
1908,64,66
1909,34,40
1910,13,59
1911,21,117
1912,18,92
1913,35,49
1914,55,41
1915,4,42
1916,36,36
1917,77,65
1918,44,62
1919,4,22
1920,61,35
1921,26,84
1922,37,35
1923,30,94
1924,58,102
1925,50,36
1926,44,72
1927,6,102
1928,11,121
1929,28,34
1930,27,105
1931,21,27
1932,58,40
1933,4,38
1934,57,101
1935,31,91
1936,5,73
1937,38,24
1938,35,57
1939,12,80
1940,6,24
1941,53,25
1942,29,93
1943,60,42
1944,31,25
1945,27,63
1946,8,108
1947,10,96
1948,7,25
1949,33,103
1950,42,74
1951,2,28
1952,34,66
1953,59,117
1954,23,101
1955,0,114
1956,51,91
1957,4,32
1958,71,43
1959,36,104
1960,58,70
1961,63,81
1962,14,80
1963,37,69
1964,34,38
1965,53,67
1966,26,68
1967,26,100
1968,62,38
1969,69,31
1970,74,78
1971,53,93
1972,58,118
1973,35,69
1974,63,59
1975,54,104
1976,30,66
1977,11,55
1978,45,17
1979,52,62
1980,13,101
1981,70,64
1982,36,82
1983,64,40
1984,63,85
1985,14,102
1986,18,122
1987,62,68
1988,32,2
1989,8,118
1990,63,75
1991,40,26
1992,73,59
1993,43,5
1994,2,112
1995,16,30
1996,24,96
1997,74,106
1998,13,63
1999,50,26
2000,27,3
2001,60,78
2002,22,62
2003,51,115
2004,51,23
2005,1,123
2006,43,39
2007,19,59
2008,15,19
2009,12,30
2010,62,50
2011,55,117
2012,23,109
2013,6,100
2014,11,13
2015,72,32
2016,29,59
2017,23,99
2018,24,68
2019,60,64
2020,72,96
2021,0,68
2022,61,27
2023,41,81
2024,18,50
2025,56,26
2026,60,18
2027,70,82
2028,76,58
2029,70,40
2030,22,104
2031,76,86
2032,24,110
2033,43,17
2034,72,66
2035,66,90
2036,48,68
2037,32,70
2038,4,62
2039,24,6
2040,57,21
2041,12,50
2042,32,62
2043,75,91
2044,2,48
2045,14,72
2046,46,100
2047,62,40
2048,54,58
2049,5,119
2050,19,69
2051,47,53
2052,22,106
2053,51,119
2054,31,101
2055,49,117
2056,15,25
2057,71,29
2058,0,64
2059,61,111
2060,50,76
2061,29,117
2062,15,49
2063,54,70
2064,61,101
2065,21,77
2066,40,62
2067,32,6
2068,8,80
2069,33,121
2070,64,28
2071,63,93
2072,71,73
2073,72,60
2074,31,23
2075,10,92
2076,16,90
2077,75,65
2078,49,35
2079,49,119
2080,53,75
2081,20,112
2082,29,53
2083,50,88
2084,51,13
2085,49,55
2086,48,26
2087,17,81
2088,73,107
2089,37,89
2090,20,22
2091,7,27
2092,44,96
2093,5,25
2094,54,56
2095,38,84
2096,37,117
2097,1,63
2098,1,97
2099,44,30
2100,1,73
2101,76,108
2102,6,108
2103,43,79
2104,53,11
2105,71,99
2106,60,114
2107,42,88
2108,29,97
2109,23,15
2110,7,65
2111,8,38
2112,46,88
2113,39,51
2114,56,46
2115,69,43
2116,20,32
2117,23,83
2118,10,98
2119,42,70
2120,55,89
2121,48,58
2122,22,56
2123,22,34
2124,20,2
2125,25,9
2126,70,112
2127,11,63
2128,76,64
2129,31,45
2130,16,48
2131,74,82
2132,74,72
2133,27,9
2134,22,78
2135,23,127
2136,32,102
2137,61,83
2138,67,33
2139,61,119
2140,43,11
2141,13,27
2142,59,77
2143,54,18
2144,73,91
2145,19,37
2146,77,87
2147,36,60
2148,56,50
2149,4,104
2150,68,88
2151,50,110
2152,39,45
2153,0,22
2154,46,28
2155,51,47
2156,66,34
2157,14,60
2158,9,57
2159,12,24
2160,39,93
2161,70,98
2162,43,25
2163,70,100
2164,45,55
2165,61,57
2166,21,51
2167,50,66
2168,2,34
2169,10,34
2170,22,94
2171,38,80
2172,18,28
2173,23,67
2174,51,73
2175,50,84
2176,41,87
2177,44,64
2178,77,59
2179,54,66
2180,0,96
2181,44,0
2182,60,94
2183,5,113
2184,32,18
2185,32,40
2186,62,44
2187,40,92
2188,13,61
2189,60,20
2190,27,109
2191,45,51
2192,60,52
2193,28,24
2194,13,73
2195,37,103
2196,56,54
2197,35,21
2198,25,31
2199,7,85
2200,18,22
2201,33,23
2202,16,110
2203,18,68
2204,18,2
2205,30,52
2206,13,17
2207,18,96
2208,13,49
2209,43,53
2210,67,85
2211,22,50
2212,57,71
2213,14,122
2214,4,54
2215,59,67
2216,41,9
2217,63,79
2218,19,63
2219,48,114
2220,4,110
2221,31,87
2222,33,15
2223,68,66
2224,5,101
2225,18,124
2226,59,29
2227,14,40
2228,3,65
2229,1,43
2230,65,69
2231,23,3
2232,61,61
2233,34,60
2234,55,21
2235,14,4
2236,29,35
2237,66,60
2238,25,119
2239,73,81
2240,52,58
2241,37,91
2242,39,47
2243,15,61
2244,36,46
2245,42,92
2246,46,118
2247,18,110
2248,60,36
2249,13,83
2250,26,42
2251,11,41
2252,2,76
2253,42,64
2254,17,117
2255,21,17
2256,63,69
2257,40,6
2258,15,91
2259,43,81
2260,23,69
2261,34,68
2262,2,126
2263,47,55
2264,28,30
2265,44,100
2266,25,77
2267,20,54
2268,56,116
2269,30,72
2270,72,100
2271,75,37
2272,19,25
2273,44,46
2274,52,110
2275,70,96
2276,77,67
2277,44,8
2278,42,86
2279,38,22
2280,21,9
2281,65,71
2282,52,50
2283,58,108
2284,70,80
2285,31,47
2286,3,69
2287,54,20
2288,9,59
2289,38,112
2290,34,22
2291,50,112
2292,13,81
2293,40,52
2294,38,6
2295,66,74
2296,52,70
2297,56,100
2298,72,34
2299,54,54
2300,11,31
2301,38,36
2302,4,58
2303,1,25
2304,75,107
2305,61,51
2306,30,100
2307,8,30
2308,28,32
2309,24,116
2310,73,31
2311,8,90
2312,23,53
2313,27,43
2314,49,21
2315,8,82
2316,66,78
2317,38,106
2318,27,111
2319,28,96
2320,9,107
2321,74,56
2322,9,101
2323,59,75
2324,46,80
2325,27,15
2326,67,39
2327,6,94
2328,74,94
2329,77,71
2330,67,103
2331,31,5
2332,11,111
2333,28,56
2334,53,57
2335,28,6
2336,66,118
2337,38,40
2338,44,28
2339,72,40
2340,34,44
2341,30,74
2342,45,77
2343,27,121
2344,70,76
2345,52,72
2346,58,80
2347,42,122
2348,64,30
2349,12,40
2350,9,47
2351,53,89
2352,13,107
2353,14,58
2354,51,107
2355,49,93
2356,0,20
2357,61,23
2358,68,48
2359,29,83
2360,73,69
2361,15,33
2362,20,108
2363,71,45
2364,27,31
2365,12,8
2366,2,50
2367,16,120
2368,55,23
2369,63,107
2370,35,27
2371,65,41
2372,11,33
2373,20,122
2374,6,126
2375,27,89
2376,63,31
2377,12,68
2378,67,67
2379,18,26
2380,3,95
2381,51,117
2382,48,14
2383,15,43
2384,62,64
2385,70,30
2386,49,43
2387,63,71
2388,56,48
2389,77,93
2390,46,58
2391,29,9
2392,21,127
2393,63,83
2394,44,88
2395,51,19
2396,15,41
2397,39,89
2398,10,28
2399,45,45
2400,70,56
2401,73,97
2402,12,2
2403,48,60
2404,39,123
2405,68,44
2406,12,58
2407,39,81
2408,19,91
2409,28,18
2410,34,100
2411,17,89
2412,62,36
2413,30,56
2414,28,60
2415,39,73
2416,27,95
2417,50,32
2418,7,83
2419,27,47
2420,36,52
2421,50,98
2422,61,25
2423,41,13
2424,20,14
2425,28,68
2426,38,72
2427,50,118
2428,62,56
2429,3,127
2430,19,9
2431,44,70
2432,36,38
2433,12,120
2434,57,33
2435,19,113
2436,67,81
2437,0,34
2438,0,38
2439,23,17
2440,58,14
2441,26,10
2442,37,57
2443,17,51
2444,70,58
2445,43,75
2446,19,29
2447,6,118
2448,10,78
2449,51,21
2450,7,37
2451,9,73
2452,6,78
2453,41,43
2454,20,30
2455,55,93
2456,4,28
2457,41,39
2458,75,45
2459,76,92
2460,25,67
2461,16,76
2462,25,23
2463,41,71
2464,74,62
2465,5,63
2466,63,27
2467,66,80
2468,15,127
2469,75,51
2470,48,82
2471,57,67
2472,47,117
2473,35,41
2474,41,5
2475,46,16
2476,46,106
2477,14,92
2478,43,29
2479,31,3
2480,43,113
2481,44,36
2482,11,105
2483,24,42
2484,67,45
2485,65,21
2486,46,114
2487,16,6
2488,10,64
2489,56,94
2490,72,70
2491,34,10
2492,72,42
2493,73,103
2494,72,76
2495,55,39
2496,64,106
2497,13,43
2498,1,47
2499,66,68
2500,9,33
2501,8,122
2502,39,103
2503,51,85
2504,23,13
2505,37,61
2506,38,42
2507,35,113
2508,7,31
2509,13,113
2510,71,87
2511,53,15
2512,35,37
2513,18,94
2514,59,83
2515,56,118
2516,8,126
2517,38,14
2518,37,59
2519,16,42
2520,49,103
2521,30,90
2522,67,95
2523,41,3
2524,28,108
2525,28,14
2526,41,21
2527,33,111
2528,26,106
2529,46,10
2530,25,103
2531,45,39
2532,59,95
2533,55,119
2534,71,35
2535,21,89
2536,9,89
2537,9,5
2538,22,90
2539,53,47
2540,32,110
2541,55,13
2542,12,38
2543,7,125
2544,37,121
2545,22,38
2546,0,88
2547,49,25
2548,53,63
2549,49,41
2550,20,40
2551,27,79
2552,76,74
2553,54,16
2554,68,74
2555,35,45
2556,62,30
2557,41,61
2558,43,121
2559,35,17
2560,2,96
2561,36,40
2562,3,53
2563,41,59
2564,70,54
2565,2,30
2566,71,41
2567,39,115
2568,68,82
2569,20,42
2570,29,91
2571,18,114
2572,24,30
2573,8,50
2574,41,95
2575,60,98
2576,55,75
2577,8,106
2578,73,63
2579,16,50
2580,17,15
2581,54,100
2582,44,82
2583,66,84
2584,31,61
2585,75,73
2586,37,107
2587,59,33
2588,48,54
2589,73,71
2590,13,13
2591,21,113
2592,33,107
2593,37,109
2594,37,47
2595,35,63
2596,18,0
2597,10,74
2598,37,77
2599,58,28
2600,40,100
2601,29,95
2602,41,65
2603,48,110
2604,2,44
2605,68,60
2606,57,83
2607,2,86
2608,34,70
2609,43,47
2610,17,87
2611,28,94
2612,57,89
2613,51,43
2614,55,33
2615,46,78
2616,59,27
2617,38,38
2618,70,78
2619,18,48
2620,75,69
2621,31,119
2622,55,51
2623,7,23
2624,17,119
2625,13,45
2626,72,82
2627,20,94
2628,19,5
2629,47,49
2630,34,102
2631,3,35
2632,64,42
2633,17,65
2634,54,62
2635,74,76
2636,39,41
2637,35,95
2638,3,61
2639,31,13
2640,19,103
2641,23,23
2642,58,88
2643,27,13
2644,34,80
2645,21,47
2646,62,104
2647,2,20
2648,40,14
2649,43,69
2650,50,94
2651,42,104
2652,56,96
2653,76,98
2654,39,121
2655,15,101
2656,66,24
2657,52,44
2658,54,84
2659,39,65
2660,17,37
2661,52,88
2662,54,78
2663,20,24
2665,17,9
2666,53,35
2667,62,58
2668,13,93
2669,74,48
2670,69,55
2671,43,109
2672,42,112
2673,3,103
2674,56,32
2675,1,115
2676,25,13
2677,41,99
2678,22,84
2679,24,58
2680,26,40
2681,26,58
2682,64,54
2683,40,120
2684,59,23
2685,19,7
2686,40,64
2687,41,73
2688,74,46
2689,21,1
2690,56,56
2691,51,75
2692,31,63
2693,14,106
2694,26,2
2695,31,31
2696,54,64
2697,73,33
2698,11,117
2699,46,38
2700,1,91
2701,39,95
2702,42,84
2703,36,112
2704,12,124
2705,35,89
2706,7,113
2707,8,16
2708,74,102
2709,75,95
2710,29,77
2711,73,113
2712,22,36
2713,19,117
2714,31,97
2715,70,116
2716,77,79
2717,33,95
2718,5,117
2719,1,127
2720,20,106
2721,60,102
2722,73,73
2723,75,43
2724,20,90
2725,23,9
2726,49,47
2727,59,21
2728,25,15
2729,60,110
2730,8,124
2731,11,83
2732,73,83
2733,6,60
2734,32,82
2735,70,102
2736,33,7
2737,47,111
2738,75,63
2739,51,67
2740,17,109
2741,58,30
2742,7,101
2743,67,117
2744,14,116
2745,27,5
2746,49,121
2747,68,46
2748,64,38
2749,71,83
2750,23,41
2751,22,118
2752,50,8
2753,43,67
2754,57,103
2755,26,82
2756,67,69
2757,7,73
2758,40,116
2759,3,101
2760,32,78
2761,62,114
2762,14,2
2763,19,53
2764,68,112
2765,9,45
2766,6,52
2767,43,1
2768,17,101
2769,8,12
2770,34,82
2771,65,35
2772,51,17
2773,42,94
2774,37,45
2775,39,19
2776,68,98
2777,35,91
2778,7,87
2779,71,75
2780,19,33
2781,19,81
2782,76,102
2783,60,84
2784,31,83
2785,54,34
2786,41,53
2787,17,121
2788,67,61
2789,45,69
2790,30,70
2791,72,112
2792,34,46
2793,70,110
2794,35,3
2795,51,103
2796,14,100
2797,34,32
2798,17,83
2799,5,51
2800,74,58
2801,74,98
2802,4,44
2803,22,2
2804,7,117
2805,70,74
2806,12,116
2807,35,119
2808,27,119
2809,37,23
2810,62,32
2811,68,116
2812,65,79
2813,59,45
2814,72,64
2815,59,113
2816,36,8
2817,43,87
2818,17,127
2819,0,26
2820,77,103
2821,37,27
2822,42,54
2823,58,86
2824,47,59
2825,17,19
2826,67,71
2827,32,46
2828,31,69
2829,15,11
2830,2,52
2831,64,82
2832,31,33
2833,19,99
2834,11,113
2835,64,44
2836,33,41
2837,59,35
2838,31,93
2839,20,38
2840,26,72
2841,49,79
2842,9,99
2843,76,88
2844,11,29
2845,76,82
2846,24,2
2847,60,62
2848,70,108
2849,1,35
2850,39,37
2851,64,32
2852,64,76
2853,63,87
2854,19,107
2855,28,4
2856,57,19
2857,57,53
2858,32,60
2859,32,64
2860,68,86
2861,37,51
2862,10,42
2863,33,75
2864,21,7
2865,18,120
2866,47,43
2867,42,90
2868,55,19
2869,29,1
2870,70,48
2871,58,60
2872,69,79
2873,73,55
2874,42,52
2875,38,16
2876,33,5
2877,36,84
2878,45,9
2879,3,115
2880,13,117
2881,17,7
2882,28,58
2883,34,120
2884,49,45
2885,43,37
2886,14,28
2887,24,54
2888,48,50
2889,16,84
2890,61,81
2891,66,26
2892,50,6
2893,57,51
2894,25,89
2895,33,69
2896,31,51
2897,9,21
2898,14,26
2899,37,39
2900,28,28
2901,55,15
2902,35,47
2903,2,102
2904,3,125
2905,65,55
2906,22,14
2907,25,107
2908,63,113
2909,46,56
2910,30,112
2911,7,69
2912,16,68
2913,54,50
2914,19,19
2915,43,107
2916,66,114
2917,11,81
2918,57,27
2919,12,44
2920,40,54
2921,26,118
2922,38,18
2923,29,105
2924,66,112
2925,53,71
2926,53,53
2927,74,54
2928,34,72
2929,34,114
2930,34,0
2931,33,53
2932,53,105
2933,6,38
2934,48,62
2935,14,120
2936,1,103
2937,13,9
2938,23,97
2939,32,84
2940,12,36
2941,56,52
2942,49,19
2943,63,101
2944,52,34
2945,30,80
2946,65,65
2947,6,48
2948,8,32
2949,47,37
2950,16,36
2951,37,79
2952,31,1
2953,9,39
2954,12,104
2955,67,47
2956,16,46
2957,27,21
2958,42,46
2959,7,105
2960,55,85
2961,44,122
2962,69,65
2963,70,50
2964,4,90
2965,47,87
2966,28,36
2967,27,23
2968,2,90
2969,7,123
2970,4,112
2971,75,103
2972,39,7
2973,39,105
2974,1,51
2975,24,10
2976,33,13
2977,63,39
2978,26,116
2979,25,73
2980,46,102
2981,33,91
2982,12,112
2983,12,42
2984,15,123
2985,61,105
2986,11,119
2987,76,54
2988,3,113
2989,56,110
2990,66,46
2991,10,40
2992,23,63
2993,10,68
2994,40,82
2995,26,36
2996,43,119
2997,31,103
2998,50,44
2999,36,64
3000,37,83
3001,12,26
3002,21,57
3003,46,72
3004,11,107
3005,44,68
3006,27,55
3007,75,85
3008,36,28
3009,26,102
3010,11,47
3011,11,39
3012,33,81
3013,17,33
3014,24,16
3015,7,55
3016,63,67
3017,13,39
3018,51,31
3019,50,70
3020,6,50
3021,39,69
3022,2,80
3023,65,37
3024,31,89
3025,17,79
3026,49,81
3027,63,77
3028,69,113
3029,2,122
3030,65,39
3031,14,12
3032,20,58
3033,4,92
3034,6,20
3035,55,97
3036,72,72
3037,20,34
3038,64,92
3039,5,15
3040,58,22
3041,0,60
3042,0,54
3043,46,66
3044,52,22
3045,7,29
3046,38,92
3047,20,26
3048,7,109
3049,48,38
3050,7,21
3051,52,120
3052,56,18
3053,13,29
3054,65,103
3055,39,77
3056,22,120
3057,5,45
3058,9,61
3059,3,97
3060,23,31
3061,30,32
3062,9,71
3063,29,13
3064,12,12
3065,29,61
3066,64,98
3067,26,62
3068,37,67
3069,31,17
3070,65,53
3071,64,118
3072,70,44
3073,42,106
3074,33,73
3075,42,2
3076,58,82
3077,32,8
3078,54,88
3079,28,52
3080,69,71
3081,76,78
3082,18,16
3083,53,91
3084,29,7
3085,22,6
3086,10,82
3087,8,104
3088,57,43
3089,39,75
3090,13,115
3091,32,36
3092,17,77
3093,40,4
3094,59,65
3095,72,116
3096,46,62
3097,37,9
3098,19,95
3099,11,45
3100,28,110
3101,46,76
3102,4,124
3103,37,13
3104,66,92
3105,74,50
3106,40,42
3107,65,105
3108,50,90
3109,60,66
3110,72,110
3111,71,61
3112,25,111
3113,20,80
3114,0,72
3115,73,87
3116,46,44
3117,73,39
3118,12,78
3119,30,0
3120,38,116
3121,44,112
3122,24,88
3123,11,37
3124,30,104
3125,21,103
3126,21,107
3127,49,7
3128,64,74
3129,39,91
3130,32,114
3131,65,75
3132,46,50
3133,69,41
3134,33,25
3135,41,77
3136,13,87
3137,71,113
3138,25,11
3139,52,56
3140,65,27
3141,47,97
3142,45,57
3143,62,84
3144,12,96
3145,48,40
3146,14,62
3147,66,54
3148,17,71
3149,42,34
3150,39,85
3151,44,44
3152,13,11
3153,11,93
3154,69,89
3155,45,43
3156,36,100
3157,5,33
3158,0,46
3159,6,40
3160,20,56
3161,41,83
3162,76,66
3163,34,52
3164,37,7
3165,77,81
3166,46,116
3167,15,81
3168,45,29
3169,56,64
3170,17,39
3171,58,16
3172,54,38
3173,50,20
3174,35,1
3175,1,69
3176,40,20
3177,1,101
3178,70,92
3179,71,47
3180,45,15
3181,29,39
3182,57,41
3183,8,92
3184,45,79
3185,31,105
3186,42,32
3187,26,78
3188,43,127
3189,58,76
3190,5,41
3191,68,42
3192,4,98
3193,54,76
3194,9,117
3195,33,83
3196,1,33
3197,15,3
3198,41,75
3199,49,83
3200,55,73
3201,43,111
3202,61,71
3203,36,116
3204,30,12
3205,37,33
3206,47,67
3207,3,33
3208,3,39
3209,43,51
3210,7,75
3211,67,75
3212,30,110
3213,54,14
3214,53,107
3215,23,115
3216,48,56
3217,71,103
3218,6,58
3219,3,85
3220,22,18
3221,22,0
3222,4,84
3223,32,34
3224,70,60
3225,33,105
3226,4,26
3227,17,53
3228,59,119
3229,70,42
3230,37,53
3231,53,109
3232,64,114
3233,44,110
3234,32,108
3235,51,89
3236,21,119
3237,0,36
3238,15,51
3239,75,61
3240,42,40
3241,52,78
3242,24,48
3243,41,119
3244,53,119
3245,20,116
3246,16,96
3247,36,50
3248,55,63
3249,71,63
3250,15,47
3251,12,118
3252,48,64
3253,22,8
3254,61,109
3255,39,27
3256,25,49
3257,69,93
3258,40,72
3259,30,58
3260,0,42
3261,42,80
3262,12,32
3263,4,116
3264,51,65
3265,63,91
3266,53,59
3267,66,38
3268,54,36
3269,18,12
3270,40,118
3271,10,46
3272,63,49
3273,28,88
3274,17,97
3275,0,74
3276,72,50
3277,24,120
3278,23,29
3279,11,103
3280,74,74
3281,71,39
3282,21,35
3283,28,16
3284,63,37
3285,74,60
3286,38,70
3287,55,25
3288,9,49
3289,33,101
3290,60,106
3291,27,29
3292,24,34
3293,29,107
3294,43,49
3295,19,27
3296,4,36
3297,35,19
3298,14,114
3299,65,25
3300,16,40
3301,25,71
3302,57,49
3303,62,70
3304,45,97
3305,57,95
3306,34,18
3307,5,97
3308,46,40
3309,54,32
3310,53,95
3311,17,91
3312,20,64
3313,69,77
3314,50,38
3315,61,21
3316,27,83
3317,17,47
3318,0,108
3319,25,93
3320,25,17
3321,62,102
3322,10,32
3323,42,108
3324,17,105
3325,40,0
3326,1,81
3327,41,49
3328,1,53
3329,68,94
3330,31,27
3331,1,45
3332,72,74
3333,25,117
3334,71,91
3335,59,85
3336,40,60
3337,44,14
3338,17,3
3339,23,5
3340,39,55
3341,59,61
3342,55,83
3343,49,51
3344,11,65
3345,68,36
3346,67,93
3347,33,97
3348,47,65
3349,44,34
3350,59,57
3351,51,69
3352,58,62
3353,40,2
3354,16,56
3355,60,50
3356,65,29
3357,28,22
3358,49,29
3359,31,53
3360,46,54
3361,44,66
3362,35,39
3363,3,109
3364,35,35
3365,41,51
3366,40,58
3367,56,34
3368,45,127
3369,55,59
3370,34,104
3371,73,47
3372,61,113
3373,69,73
3374,63,115
3375,21,83
3376,72,88
3377,63,103
3378,62,42
3379,21,33
3380,69,81
3381,40,32
3382,71,85
3383,57,47
3384,64,36
3385,36,16
3386,72,86
3387,21,81
3388,59,111
3389,58,46
3390,56,44
3391,22,102
3392,35,25
3393,47,119
3394,66,108
3395,37,87
3396,30,96
3397,47,19
3398,16,0
3399,5,79
3400,31,81
3401,62,100
3402,10,76
3403,63,73
3404,32,90
3405,38,104
3406,44,26
3407,13,53
3408,73,65
3409,54,96
3410,29,55
3411,75,101
3412,49,53
3413,10,72
3414,59,97
3415,69,39
3416,32,20
3417,73,119
3418,22,26
3419,73,93
3420,4,120
3421,66,98
3422,43,89
3423,33,85
3424,45,109
3425,53,77
3426,34,4
3427,38,68
3428,29,57
3429,51,51
3430,60,48
3431,8,116
3432,50,58
3433,42,10
3434,5,87
3435,73,115
3436,76,70
3437,23,85
3438,66,110
3439,65,99
3440,36,96
3441,22,54
3442,29,23
3443,32,100
3444,61,79
3445,29,33
3446,40,86
3447,60,60
3448,35,67
3449,72,62
3450,21,21
3451,61,43
3452,77,73
3453,66,48
3454,39,53
3455,15,13
3456,48,96
3457,12,4
3458,40,34
3459,72,36
3460,23,103
3461,50,116
3462,3,41
3463,32,52
3464,3,83
3465,21,19
3466,12,82
3467,13,57
3468,20,44
3469,21,39
3470,50,60
3471,18,36
3472,50,120
3473,60,68
3474,20,18
3475,64,46
3476,40,102
3477,47,7
3478,36,20
3479,63,33
3480,60,28
3481,71,37
3482,30,6
3483,36,98
3484,23,7
3485,17,107
3486,8,62
3487,26,6
3488,4,64
3489,9,95
3490,24,100
3491,17,99
3492,55,79
3493,18,52
3494,61,17
3495,76,84
3496,59,53
3497,69,59
3498,14,54
3499,22,88
3500,23,49
3501,30,24
3502,42,60
3503,34,12
3504,56,16
3505,67,99
3506,29,21
3507,6,82
3508,26,112
3509,58,90
3510,5,35
3511,25,61
3512,6,32
3513,26,54
3514,1,21
3515,30,30
3516,36,56
3517,32,58
3518,36,58
3519,41,105
3520,66,44
3521,20,92
3522,30,82
3523,54,10
3524,57,45
3525,38,96
3526,57,17
3527,34,74
3528,49,57
3529,54,86
3530,5,57
3531,48,32
3532,34,64
3533,35,117
3534,67,113
3535,18,58
3536,16,78
3537,54,118
3538,24,46
3539,24,60
3540,2,116
3541,31,65
3542,49,5
3543,68,78
3544,60,70
3545,53,29
3546,11,35
3547,58,44
3548,44,16
3549,25,51
3550,42,56
3551,49,31
3552,39,23
3553,31,19
3554,56,108
3555,34,108
3556,58,114
3557,47,103
3558,30,2
3559,63,61
3560,70,118
3561,74,104
3562,61,95
3563,11,15
3564,51,49
3565,55,49
3566,47,79
3567,32,48
3568,28,20
3569,45,59
3570,30,92
3571,52,28
3572,33,49
3573,23,45
3574,38,62
3575,13,95
3576,72,104
3577,4,34
3578,0,44
3579,15,93
3580,18,8
3581,30,106
3582,73,79
3583,48,72
3584,75,87
3585,13,127
3586,31,73
3587,61,41
3588,63,105
3589,74,80
3590,24,4
3591,22,16
3592,7,89
3593,28,72
3594,30,42
3595,26,34
3596,46,48
3597,58,36
3598,3,75
3599,22,24
3600,64,62
3601,17,29
3602,12,70
3603,68,90
3604,70,84
3605,57,29
3606,18,84
3607,6,110
3608,35,99
3609,54,110
3610,67,91
3611,40,40
3612,67,79
3613,63,53
3614,30,36
3615,69,67
3616,72,108
3617,61,53
3618,31,79
3619,40,70
3620,24,114
3621,52,116
3622,72,56
3623,31,57
3624,61,63
3625,6,26
3626,18,126
3627,8,76
3628,22,110
3629,75,35
3630,26,60
3631,39,117
3632,77,101
3633,1,75
3634,31,107
3635,34,56
3636,30,48
3637,27,69
3638,34,34
3639,8,36
3640,23,75
3641,29,115
3642,44,80
3643,28,114
3644,2,26
3645,65,115
3646,58,18
3647,33,27
3648,18,86
3649,67,115
3650,51,121
3651,33,19
3652,14,110
3653,31,113
3654,70,36
3655,6,42
3656,18,64
3657,22,76
3658,25,53
3659,32,32
3660,13,7
3661,56,74
3662,34,84
3663,53,99
3664,47,81
3665,50,64
3666,14,108
3667,28,98
3668,2,82
3669,76,100
3670,66,96
3671,51,53
3672,20,16
3673,52,100
3674,29,89
3675,68,84
3676,56,70
3677,62,46
3678,46,84
3679,41,41
3680,46,120
3681,47,21
3682,40,76
3683,26,32
3684,30,20
3685,10,88
3686,77,77
3687,12,90
3688,38,30
3689,12,106
3690,49,95
3691,41,1
3692,15,69
3693,69,69
3694,56,92
3695,30,62
3696,29,45
3697,45,99
3698,58,32
3699,75,53
3700,57,15
3701,72,30
3702,37,55
3703,57,37
3704,57,119
3705,8,48
3706,76,68
3707,47,75
3708,50,80
3709,14,0
3710,63,111
3711,15,31
3712,9,37
3713,9,109
3714,36,2
3715,45,37
3716,66,86
3717,46,6
3718,26,4
3719,19,61
3720,74,92
3722,31,29
3723,19,89
3724,65,73
3725,29,63
3726,24,108
3727,68,80
3728,28,74
3729,17,41
3730,13,121
3731,25,87
3732,6,76
3733,30,28
3734,33,79
3735,45,23
3736,32,74
3737,49,105
3738,2,124
3739,49,13
3740,3,77
3741,58,96
3742,31,109
3743,59,71
3744,39,15
3745,2,46
3746,40,88
3747,10,56
3748,57,23
3749,10,90
3750,15,109
3751,5,95
3752,67,119
3753,27,77
3754,16,106
3755,68,56
3756,12,56
3757,0,110
3758,37,25
3759,5,81
3760,56,38
3761,27,19
3762,22,40
3763,9,121
3764,53,83
3767,43,23
3768,57,105
3769,52,54
3770,10,62
3771,28,2
3772,54,46
3773,9,31
3774,70,94
3775,52,10
3776,27,11
3777,57,25
3778,5,93
3779,56,106
3780,27,67
3781,16,122
3782,46,30
3783,23,43
3784,48,66
3785,29,99
3786,44,98
3787,34,54
3788,65,109
3789,18,40
3790,73,85
3791,22,64
3792,64,94
3793,14,34
3794,41,15
3795,71,89
3796,72,118
3797,49,87
3798,20,78
3799,61,93
3800,54,80
3801,12,94
3802,45,113
3803,52,112
3804,13,23
3805,45,5
3806,20,52
3807,55,115
3808,65,43
3809,21,37
3810,47,95
3811,56,84
3812,34,94
3813,28,120
3814,6,14
3815,54,112
3816,34,118
3817,51,83
3818,25,5
3819,61,99
3820,41,79
3821,17,123
3822,15,23
3823,36,122
3824,34,6
3825,40,98
3826,40,36
3827,10,44
3828,3,23
3829,6,114
3830,32,80
3831,3,47
3832,51,35
3833,16,2
3834,15,45
3835,21,91
3836,25,29
3837,45,93
3838,40,108
3839,43,99
3840,0,52
3841,32,96
3842,39,71
3843,32,66
3844,60,116
3845,45,107
3846,32,68
3847,65,67
3848,21,65
3849,34,98
3850,50,114
3851,34,116
3852,58,120
3853,7,79
3854,0,28
3855,11,73
3856,35,83
3857,66,36
3858,39,1
3859,19,11
3860,17,5
3861,66,82
3862,16,114
3863,17,125
3864,66,50
3865,47,109
3866,42,4
3867,16,102
3868,38,2
3869,35,101
3870,69,63
3871,66,62
3872,7,97
3873,0,30
3874,33,47
3875,3,105
3876,44,22
3877,37,95
3878,46,68
3879,18,54
3880,39,5
3881,41,91
3882,7,63
3883,16,94
3884,5,39
3885,42,38
3886,55,65
3887,19,85
3888,58,58
3889,70,52
3890,1,37
3891,47,57
3892,45,41
3893,30,84
3894,73,105
3895,48,112
3896,55,43
3897,28,12
3898,69,51
3899,42,24
3900,27,107
3901,28,54
3902,16,100
3903,72,92
3904,28,50
3905,5,123
3906,30,114
3907,59,103
3908,13,111
3909,48,8
3910,64,50
3911,31,41
3912,48,44
3913,38,34
3914,16,34
3915,0,24
3916,71,59
3917,60,90
3918,69,91
3919,30,60
3920,62,90
3921,14,104
3922,12,100
3923,6,66
3924,17,13
3925,42,22
3926,38,46
3927,42,18
3928,42,16
3929,24,74
3930,15,121
3931,40,90
3932,35,85
3933,4,118
3934,19,67
3935,1,105
3936,68,38
3937,29,81
3938,43,19
3939,54,52
3940,43,3
3941,20,76
3942,51,71
3943,4,96
3944,21,87
3945,72,78
3946,45,75
3947,33,119
3948,62,34
3949,57,63
3950,71,67
3951,55,105
3952,16,20
3953,20,70
3954,52,82
3955,45,13
3956,46,46
3957,60,32
3958,50,40
3959,11,115
3960,12,102
3961,21,11
3962,31,67
3963,27,41
3964,68,76
3965,22,70
3966,12,54
3967,1,71
3968,0,94
3969,12,66
3970,43,43
3971,67,101
3972,53,21
3973,11,17
3974,42,76
3975,52,90
3976,5,55
3977,2,108
3978,45,95
3979,57,61
3980,66,72
3981,64,70
3982,10,124
3983,21,41
3984,38,66
3985,62,26
3986,62,66
3987,9,17
3988,6,16
3989,24,102
3990,39,35
3991,14,46
3992,20,68
3993,23,107
3994,26,18
3995,20,10
3996,62,80
3997,7,19
3998,58,20
3999,37,73
4000,72,44
4001,6,68
4002,22,122
4003,29,41
4004,10,14
4005,50,78
4006,22,86
4007,66,56
4008,54,106
4009,5,99
4010,44,58
4011,39,61
4012,28,76
4013,49,11
4014,26,38
4015,55,47
4016,51,55
4017,7,43
4018,64,100
4019,60,82
4020,42,12
4021,16,116
4022,19,51
4023,23,27
4024,12,98
4025,46,108
4026,8,46
4027,15,73
4028,54,116
4029,18,72
4030,47,89
4031,68,62
4032,13,79
4033,69,85
4034,10,112
4035,68,102
4036,72,68
4037,20,0
4038,41,11
4039,48,100
4040,8,68
4041,7,59
4042,52,74
4043,73,37
4044,41,7
4045,2,106
4046,21,5
4047,37,29
4048,26,16
4049,74,52
4050,26,114
4051,25,1
4052,50,74
4053,23,55
4054,11,91
4055,24,112
4056,3,31
4057,36,14
4058,3,107
4059,59,91
4060,38,58
4061,0,84
4062,20,120
4063,76,94
4064,5,43
4065,70,114
4066,71,81
4067,62,112
4068,34,86
4069,35,33
4070,29,79
4071,10,110
4072,10,50
4073,43,93
4074,10,102
4075,21,109
4076,65,101
4077,11,57
4078,73,51
4079,30,18
4080,34,30
4081,9,23
4083,11,53
4084,21,73
4085,68,110
4086,59,63
4087,0,86
4088,53,97
4089,36,18
4090,2,56
4091,29,87
4092,65,59
4093,44,118
4094,65,49
4095,58,116
4096,42,0
4097,24,36
4098,31,21
4099,44,86
4100,26,8
4101,36,44
4102,70,66
4103,49,61
4104,13,123
4105,33,43
4106,2,120
4107,24,82
4108,9,77
4109,18,56
4110,49,115
4111,9,27
4112,8,52
4113,26,12
4114,31,95
4115,73,49
4116,69,105
4117,24,22
4118,19,55
4119,22,114
4120,10,54
4121,36,4
4122,24,14
4123,46,26
4124,6,96
4125,43,101
4126,13,77
4127,30,44
4128,7,39
4129,59,25
4130,64,90
4131,18,76
4132,4,70
4133,30,68
4134,12,6
4135,62,76
4136,17,69
4137,24,52
4138,62,110
4139,26,96
4140,20,36
4141,41,103
4142,34,28
4143,17,85
4144,24,24
4145,60,58
4146,11,21
4147,33,93
4148,5,37
4149,2,100
4150,64,116
4151,48,78
4152,34,16
4153,34,78
4154,43,31
4155,44,54
4156,19,115
4157,2,68
4158,52,64
4159,61,45
4160,16,86
4161,48,80
4162,46,86
4163,13,21
4164,20,28
4165,77,95
4166,22,98
4167,31,15
4168,38,94
4169,58,38
4170,62,94
4171,34,26
4172,47,91
4173,22,112
4174,5,53
4175,61,73
4176,5,107
4177,38,74
4178,26,64
4179,2,24
4180,13,33
4181,51,87
4182,52,18
4183,27,17
4184,46,8
4185,22,60
4186,41,63
4187,27,35
4188,38,82
4189,7,45
4190,26,20
4191,46,70
4192,15,59
4193,1,19
4194,35,75
4195,20,48
4196,13,75
4197,38,86
4198,7,77
4199,38,54
4200,55,69
4201,67,51
4202,6,22
4203,47,85
4204,55,95
4205,40,16
4206,72,38
4207,27,7
4208,7,15
4209,16,4
4210,19,75
4211,23,95
4212,48,46
4213,50,46
4214,1,77
4215,39,111
4216,75,47
4217,13,99
4218,61,107
4219,1,89
4220,46,12
4221,21,101
4222,46,64
4223,54,44
4224,12,110
4225,41,115
4226,45,87
4227,21,49
4228,50,86
4229,35,15
4230,11,25
4231,74,42
4232,52,68
4233,24,44
4234,9,123
4235,25,45
4236,61,59
4237,11,19
4238,59,47
4239,41,117
4240,20,100
4241,7,99
4242,16,88
4243,18,24
4244,36,72
4245,55,37
4246,61,117
4247,67,63
4248,47,121
4249,12,86
4250,29,29
4251,77,61
4252,4,114
4253,23,105
4254,34,90
4255,6,84
4256,22,32
4257,60,46
4258,22,44
4259,29,121
4260,67,55
4261,52,84
4262,49,69
4263,40,80
4264,28,106
4265,20,12
4266,18,34
4267,17,61
4268,49,101
4269,2,70
4270,1,85
4271,47,41
4272,40,110
4273,52,32
4274,21,79
4275,23,35
4276,30,8
4277,24,104
4278,13,103
4279,19,21
4280,60,88
4281,32,50
4282,34,76
4283,48,10
4284,39,97
4285,47,99
4286,44,32
4287,64,80
4288,24,78
4289,50,34
4290,9,51
4291,41,101
4292,43,41
4293,46,104
4294,55,87
4295,44,38
4296,44,116
4297,38,118
4298,7,91
4299,3,119
4300,39,119
4301,27,115
4302,29,47
4303,70,34
4304,24,90
4305,48,34
4306,27,33
4307,70,68
4308,43,57
4309,21,59
4310,0,106
4311,41,35
4312,44,114
4313,54,24
4314,36,34
4315,62,18
4316,62,78
4317,11,97
4318,68,104
4319,76,106
4320,22,4
4321,69,101
4322,53,45
4323,2,66
4324,25,19
4325,51,41
4326,14,96
4327,69,83
4328,3,29
4329,67,107
4330,22,72
4331,19,57
4332,33,57
4333,22,20
4334,8,78
4335,50,24
4336,41,29
4337,51,105
4338,56,86
4339,8,44
4340,48,52
4341,10,60
4342,17,55
4343,74,86
4344,17,21
4345,16,82
4346,35,121
4347,65,113
4348,23,37
4349,68,64
4350,28,70
4351,51,109
4352,30,76
4353,15,125
4354,33,117
4355,48,48
4356,6,122
4357,53,23
4358,2,110
4359,46,32
4360,27,81
4361,35,55
4362,12,74
4363,22,58
4364,75,41
4365,56,90
4366,43,13
4367,69,111
4368,60,74
4369,18,60
4370,50,28
4371,24,126
4372,63,95
4373,56,60
4374,51,59
4375,22,42
4376,24,64
4377,21,3
4378,31,77
4379,58,42
4380,60,30
4381,45,27
4382,73,41
4383,7,51
